"","tmp","label"
"1","CCDC59","1"
"2","LIN7A","1"
"3","OSBPL8","1"
"4","NAP1L1","1"
"5","KRR1","1"
"6","ZFC3H1","1"
"7","YEATS4","1"
"8","CPSF6","1"
"9","DDIT3","1"
"10","R3HDM2","1"
"11","NACA","1"
"12","ATP5B","1"
"13","BAZ2A","1"
"14","CNPY2","1"
"15","MYL6","1"
"16","RPL41","1"
"17","SF3B5","1"
"18","CITED2","1"
"19","STX7","1"
"20","SOGA3","1"
"21","RWDD1","1"
"22","TSPYL4","1"
"23","MARCKS","1"
"24","SEC63","1"
"25","SYNE1","1"
"26","SERINC1","1"
"27","RANBP2","1"
"28","P4HA1","1"
"29","DDIT4","1"
"30","ANAPC16","1"
"31","SPOCK2","1"
"32","PSAP","1"
"33","PPA1","1"
"34","HK1","1"
"35","DDX21","1"
"36","CCAR1","1"
"37","TET1","1"
"38","HNRNPH3","1"
"39","DNAJC12","1"
"40","JMJD1C","1"
"41","ZFP365","1"
"42","ANK3","1"
"43","PHYHIPL","1"
"44","ZWINT","1"
"45","GNAZ","1"
"46","SNRPD3","1"
"47","MIF","1"
"48","CHCHD10","1"
"49","ADARB1","1"
"50","PPIL4","1"
"51","BSG","1"
"52","R3HDM4","1"
"53","POLR2E","1"
"54","CIRBP","1"
"55","RPS15","1"
"56","REXO1","1"
"57","ABHD17A","1"
"58","DOT1L","1"
"59","OAZ1","1"
"60","MRPL54","1"
"61","HMG20B","1"
"62","DOHH","1"
"63","NFIC","1"
"64","CKAP4","1"
"65","CRY1","1"
"66","HSP90B1","1"
"67","IGF1","1"
"68","TMPO","1"
"69","SNRPF","1"
"70","NDUFA12","1"
"71","MRPL42","1"
"72","NUDT4","1"
"73","BTG1","1"
"74","STXBP5","1"
"75","EIF1","1"
"76","HAP1","1"
"77","NBR1","1"
"78","DUSP3","1"
"79","GPATCH8","1"
"80","NMT1","1"
"81","MAPT","1"
"82","TLK2","1"
"83","CCDC47","1"
"84","DDX42","1"
"85","DDX5","1"
"86","BPTF","1"
"87","PITPNC1","1"
"88","CACNG4","1"
"89","PRKCA","1"
"90","AMZ2","1"
"91","PRKAR1A","1"
"92","FAM104A","1"
"93","H3F3B","1"
"94","TEN1","1"
"95","CYGB","1"
"96","JMJD6","1"
"97","2810008D09RIK","1"
"98","EIF4A3","1"
"99","P4HB","1"
"100","MEIS1","1"
"101","ACTR2","1"
"102","PELI1","1"
"103","COMMD1","1"
"104","ZRSR1","1"
"105","CCT4","1"
"106","USP34","1"
"107","SMEK2","1"
"108","CCDC104","1"
"109","CCDC88A","1"
"110","MTIF2","1"
"111","RTN4","1"
"112","SPTBN1","1"
"113","ERLEC1","1"
"114","NSG2","1"
"115","LIMK2","1"
"116","SELM","1"
"117","MTFP1","1"
"118","GABRG2","1"
"119","GABRA1","1"
"120","SLU7","1"
"121","CYFIP2","1"
"122","GNB2L1","1"
"123","THOC5","1"
"124","AP1B1","1"
"125","SQSTM1","1"
"126","CLK4","1"
"127","COL23A1","1"
"128","0610009B22RIK","1"
"129","VDAC1","1"
"130","AFF4","1"
"131","UQCRQ","1"
"132","KIF3A","1"
"133","ACSL6","1"
"134","FNIP1","1"
"135","HINT1","1"
"136","ATOX1","1"
"137","MRPS24","1"
"138","FAM114A2","1"
"139","RNF187","1"
"140","HIST3H2BA","1"
"141","GUK1","1"
"142","SNAP47","1"
"143","MPRIP","1"
"144","CAMK2B","1"
"145","COPS3","1"
"146","ALKBH5","1"
"147","USP22","1"
"148","UBB","1"
"149","2410006H16RIK","1"
"150","H2AFV","1"
"151","MYH10","1"
"152","RPL26","1"
"153","A030009H04RIK","1"
"154","CHD3","1"
"155","LSMD1","1"
"156","MPDU1","1"
"157","POLR2A","1"
"158","ZBTB4","1"
"159","GPS2","1"
"160","DLG4","1"
"161","PSMB6","1"
"162","ADCY1","1"
"163","PFN1","1"
"164","SPAG7","1"
"165","NUP88","1"
"166","1200014J11RIK","1"
"167","RPA1","1"
"168","PITPNA","1"
"169","VPS53","1"
"170","CCDC55","1"
"171","NUFIP2","1"
"172","SUPT6","1"
"173","SDF2","1"
"174","BC030499","1"
"175","ALDOC","1"
"176","NLK","1"
"177","WSB1","1"
"178","SUZ12","1"
"179","RHOT1","1"
"180","ZFP207","1"
"181","CDK5R1","1"
"182","AP2B1","1"
"183","TAF15","1"
"184","DDX52","1"
"185","SYNRG","1"
"186","USP32","1"
"187","MED13","1"
"188","RPS6KB1","1"
"189","CLTC","1"
"190","YPEL2","1"
"191","SEPT4","1"
"192","DYNLL2","1"
"193","SRSF1","1"
"194","VEZF1","1"
"195","MMD","1"
"196","HLF","1"
"197","CAR10","1"
"198","NME1","1"
"199","TOB1","1"
"200","LUC7L3","1"
"201","CBX1","1"
"202","NPEPPS","1"
"203","SOCS7","1"
"204","RPL23","1"
"205","CDK12","1"
"206","ORMDL3","1"
"207","THRA","1"
"208","CASC3","1"
"209","CALM1","1"
"210","SMEK1","1"
"211","TRIP11","1"
"212","LGMN","1"
"213","CHGA","1"
"214","PAPOLA","1"
"215","YY1","1"
"216","MEG3","1"
"217","PPP2R5C","1"
"218","DYNC1H1","1"
"219","HSP90AA1","1"
"220","KLC1","1"
"221","2010107E04RIK","1"
"222","VSNL1","1"
"223","DDX1","1"
"224","TRIB2","1"
"225","PDIA6","1"
"226","MYT1L","1"
"227","DLD","1"
"228","ASXL2","1"
"229","TSPAN13","1"
"230","BZW2","1"
"231","IFRD1","1"
"232","NCOA1","1"
"233","NRCAM","1"
"234","ITSN2","1"
"235","ATAD2B","1"
"236","SPTSSA","1"
"237","EAPP","1"
"238","TRAPPC6B","1"
"239","PNN","1"
"240","CTAGE5","1"
"241","PRPF39","1"
"242","NEMF","1"
"243","TMX1","1"
"244","ARID4A","1"
"245","JKAMP","1"
"246","RTN1","1"
"247","SIX6","1"
"248","HIF1A","1"
"249","PPP2R5E","1"
"250","WDR89","1"
"251","MAX","1"
"252","GPHN","1"
"253","RBM25","1"
"254","TMED10","1"
"255","SLIRP","1"
"256","SNW1","1"
"257","NRXN3","1"
"258","LAPTM4A","1"
"259","EML5","1"
"260","BDP1","1"
"261","SMN1","1"
"262","PIK3R1","1"
"263","SREK1","1"
"264","ERBB2IP","1"
"265","SGTB","1"
"266","KIF2A","1"
"267","RAB3C","1"
"268","GPBP1","1"
"269","SKIV2L2","1"
"270","ISL1","1"
"271","PAIP1","1"
"272","4833420G17RIK","1"
"273","HMGCS1","1"
"274","ZFP131","1"
"275","ARID4B","1"
"276","VPS41","1"
"277","ZKSCAN3","1"
"278","ZSCAN26","1"
"279","ZFP322A","1"
"280","BC005537","1"
"281","NRSN1","1"
"282","SOX4","1"
"283","TUBB2A","1"
"284","PRPF4B","1"
"285","SNRNP48","1"
"286","EEF1E1","1"
"287","SMIM13","1"
"288","NOL7","1"
"289","JARID2","1"
"290","DTNBP1","1"
"291","ATXN1","1"
"292","AKR1E1","1"
"293","DEK","1"
"294","FAM120A","1"
"295","CPLX2","1"
"296","4833439L19RIK","1"
"297","CLTB","1"
"298","SNCB","1"
"299","FAM193B","1"
"300","CAML","1"
"301","DDX46","1"
"302","H2AFY","1"
"303","GKAP1","1"
"304","HNRNPK","1"
"305","NAA35","1"
"306","HABP4","1"
"307","CTSL","1"
"308","PFKP","1"
"309","UQCRB","1"
"310","SDHA","1"
"311","CCDC127","1"
"312","TMEM167","1"
"313","SSBP2","1"
"314","JMY","1"
"315","AGGF1","1"
"316","COL4A3BP","1"
"317","FAM169A","1"
"318","GM10320","1"
"319","MAP1B","1"
"320","FBXL3","1"
"321","RBM26","1"
"322","GM10076","1"
"323","TPM3-RS7","1"
"324","GPR180","1"
"325","DNAJC3","1"
"326","MBNL2","1"
"327","CADPS","1"
"328","SYNPR","1"
"329","TOP2B","1"
"330","UBE2E1","1"
"331","2700060E02RIK","1"
"332","DNAJC9","1"
"333","CHCHD1","1"
"334","SAMD8","1"
"335","VDAC2","1"
"336","KCNMA1","1"
"337","RPS24","1"
"338","ZMIZ1","1"
"339","ARF4","1"
"340","D14ABB1E","1"
"341","CCDC66","1"
"342","CACNA2D3","1"
"343","TKT","1"
"344","PBRM1","1"
"345","FAM213A","1"
"346","PSMC6","1"
"347","KTN1","1"
"348","TTC5","1"
"349","HNRNPC","1"
"350","SUPT16","1"
"351","ACIN1","1"
"352","SLC22A17","1"
"353","DCAF11","1"
"354","ZMYM5","1"
"355","ZMYM2","1"
"356","KPNA3","1"
"357","CCDC25","1"
"358","CLU","1"
"359","DPYSL2","1"
"360","NEFL","1"
"361","ITM2B","1"
"362","ESD","1"
"363","TSC22D1","1"
"364","AKAP11","1"
"365","WBP4","1"
"366","PDHB","1"
"367","PFDN5","1"
"368","PCBP2","1"
"369","MAP3K12","1"
"370","CBX5","1"
"371","ZFP385A","1"
"372","PPP1R1A","1"
"373","BASP1","1"
"374","CCT5","1"
"375","MTDH","1"
"376","LAPTM4B","1"
"377","RPL30","1"
"378","COX6C","1"
"379","PABPC1","1"
"380","YWHAZ","1"
"381","NCALD","1"
"382","ATP6V1C1","1"
"383","RIMS2","1"
"384","AW549877","1"
"385","OXR1","1"
"386","EIF3E","1"
"387","RPL37","1"
"388","NDUFB9","1"
"389","MTSS1","1"
"390","NSMCE2","1"
"391","FAM49B","1"
"392","ASAP1","1"
"393","PHF20L1","1"
"394","CHRAC1","1"
"395","GRINA","1"
"396","MAF1","1"
"397","RPL8","1"
"398","1110038F14RIK","1"
"399","TXN2","1"
"400","EIF3D","1"
"401","PDXP","1"
"402","CSNK1E","1"
"403","DDX17","1"
"404","TOMM22","1"
"405","CBX6","1"
"406","SYNGR1","1"
"407","ATF4","1"
"408","TNRC6B","1"
"409","RBX1","1"
"410","PMM1","1"
"411","DESI1","1"
"412","SEPT3","1"
"413","NIPBL","1"
"414","ATXN10","1"
"415","CERK","1"
"416","MAPK8IP2","1"
"417","CNTN1","1"
"418","YAF2","1"
"419","ZCRB1","1"
"420","ARID2","1"
"421","SCAF11","1"
"422","SLC38A1","1"
"423","CCNT1","1"
"424","DDX23","1"
"425","TUBA1A","1"
"426","TMBIM6","1"
"427","FAIM2","1"
"428","ZC3H7A","1"
"429","RSL1D1","1"
"430","GSPT1","1"
"431","2900011O08RIK","1"
"432","FGD4","1"
"433","2510002D24RIK","1"
"434","AP2M1","1"
"435","SENP2","1"
"436","TRA2B","1"
"437","DNAJB11","1"
"438","DLG1","1"
"439","NCBP2","1"
"440","PAK2","1"
"441","RPL35A","1"
"442","ZFP148","1"
"443","KPNA1","1"
"444","GOLGB1","1"
"445","NDUFB4","1"
"446","LRRC58","1"
"447","LSAMP","1"
"448","ATP6V1A","1"
"449","CD200","1"
"450","TAGLN3","1"
"451","PLCXD2","1"
"452","DZIP3","1"
"453","CD47","1"
"454","UBN1","1"
"455","PCNP","1"
"456","CLDN25","1"
"457","CADM2","1"
"458","ROBO2","1"
"459","GM9843","1"
"460","APP","1"
"461","USP16","1"
"462","1110004E09RIK","1"
"463","SYNJ1","1"
"464","SON","1"
"465","ATP5O","1"
"466","TTC3","1"
"467","BRWD1","1"
"468","PCP4","1"
"469","QK","1"
"470","MRPL18","1"
"471","CHD1","1"
"472","PPP2R1A","1"
"473","HCFC1R1","1"
"474","FLYWCH1","1"
"475","TBC1D24","1"
"476","RPS2","1"
"477","NDUFB10","1"
"478","HAGH","1"
"479","MAPK8IP3","1"
"480","GNPTG","1"
"481","GM8186","1"
"482","MRPL28","1"
"483","LUC7L","1"
"484","UQCC2","1"
"485","RPS10","1"
"486","PACSIN1","1"
"487","SRSF3","1"
"488","U2AF1","1"
"489","AKAP8","1"
"490","AKAP8L","1"
"491","HNRNPM","1"
"492","NDUFA7","1"
"493","RPS18","1"
"494","RNF5","1"
"495","ATP6V1G2","1"
"496","DDX39B","1"
"497","ABCF1","1"
"498","RPP21","1"
"499","PLA2G7","1"
"500","HSP90AB1","1"
"501","MRPL14","1"
"502","VEGFA","1"
"503","MRPL2","1"
"504","KAT2B","1"
"505","UBXN6","1"
"506","PTPRS","1"
"507","SAFB2","1"
"508","PJA2","1"
"509","ANKRD12","1"
"510","NDUFV2","1"
"511","EPB4.1L3","1"
"512","DLGAP1","1"
"513","MYL12B","1"
"514","LPIN2","1"
"515","SMCHD1","1"
"516","DPY30","1"
"517","1110001A16RIK","1"
"518","CEBPZ","1"
"519","QPCT","1"
"520","SRSF7","1"
"521","MAP4K3","1"
"522","COX7A2L","1"
"523","PPM1B","1"
"524","SIX3OS1","1"
"525","SIX3","1"
"526","PRKCE","1"
"527","MCFD2","1"
"528","CALM2","1"
"529","NRXN1","1"
"530","RIOK3","1"
"531","OSBPL1A","1"
"532","IMPACT","1"
"533","CDH2","1"
"534","ZFP191","1"
"535","ELP2","1"
"536","TPGS2","1"
"537","CELF4","1"
"538","RIT2","1"
"539","SYT4","1"
"540","WDR33","1"
"541","IWS1","1"
"542","BIN1","1"
"543","NREP","1"
"544","REEP5","1"
"545","BRD8","1"
"546","REEP2","1"
"547","HSPA9","1"
"548","ANKHD1","1"
"549","NDUFA2","1"
"550","PCDHA2","1"
"551","PCDHGA9","1"
"552","YIPF5","1"
"553","RBM27","1"
"554","DPYSL3","1"
"555","EIF1A","1"
"556","ATG12","1"
"557","CEP120","1"
"558","PHAX","1"
"559","RBM22","1"
"560","RPS14","1"
"561","NAPG","1"
"562","EPC1","1"
"563","SEC11C","1"
"564","LMAN1","1"
"565","PTPN2","1"
"566","TCF4","1"
"567","USP14","1"
"568","TMEM258","1"
"569","DDB1","1"
"570","PRPF19","1"
"571","ZFP91","1"
"572","GNAQ","1"
"573","RORB","1"
"574","KLF9","1"
"575","SMC5","1"
"576","GM6563","1"
"577","VLDLR","1"
"578","RPL9-PS6","1"
"579","PPP6R3","1"
"580","TNKS2","1"
"581","MARCH5","1"
"582","SUV420H1","1"
"583","NDUFS8","1"
"584","NDUFV1","1"
"585","GOT1","1"
"586","CHUK","1"
"587","SCD2","1"
"588","NDUFB8","1"
"589","FAM178A","1"
"590","BTRC","1"
"591","DPCD","1"
"592","NOLC1","1"
"593","GBF1","1"
"594","PSD","1"
"595","ARL3","1"
"596","INA","1"
"597","SLK","1"
"598","CTSF","1"
"599","ADD3","1"
"600","MXI1","1"
"601","SMNDC1","1"
"602","SMC3","1"
"603","BBIP1","1"
"604","SHOC2","1"
"605","CFL1","1"
"606","A630007B06RIK","1"
"607","ABLIM1","1"
"608","MALAT1","1"
"609","HSPA12A","1"
"610","D19ERTD737E","1"
"611","MRPL49","1"
"612","FAM45A","1"
"613","SF1","1"
"614","NRXN2","1"
"615","COX8A","1"
"616","GNG3","1"
"617","BSCL2","1"
"618","UBXN1","1"
"619","AI462493","1"
"620","ASRGL1","1"
"621","FTH1","1"
"622","CSPP1","1"
"623","ARFGEF1","1"
"624","RNF152","1"
"625","KDSR","1"
"626","CLASP1","1"
"627","DBI","1"
"628","UBXN4","1"
"629","NCOA2","1"
"630","NFASC","1"
"631","KDM5B","1"
"632","GM4204","1"
"633","SHISA4","1"
"634","NAV1","1"
"635","TMEM9","1"
"636","CAMSAP2","1"
"637","ZFP281","1"
"638","B3GALT2","1"
"639","TROVE2","1"
"640","RGS2","1"
"641","1700025G04RIK","1"
"642","XPR1","1"
"643","ACBD6","1"
"644","CEP350","1"
"645","RALGPS2","1"
"646","GAS5","1"
"647","PRDX6","1"
"648","PRRC2C","1"
"649","KIFAP3","1"
"650","ATP1B1","1"
"651","TMCO1","1"
"652","UHMK1","1"
"653","ATF6","1"
"654","NDUFS2","1"
"655","GDAP1","1"
"656","DCAF8","1"
"657","CADM3","1"
"658","B020018G12RIK","1"
"659","CEP170","1"
"660","DESI2","1"
"661","COX20","1"
"662","HNRNPU","1"
"663","ACBD3","1"
"664","H3F3A","1"
"665","PROX1","1"
"666","LPGAT1","1"
"667","TFAP2B","1"
"668","PLXNA2","1"
"669","OGFRL1","1"
"670","1110058L19RIK","1"
"671","PHF3","1"
"672","DST","1"
"673","CCDC115","1"
"674","PLEKHB2","1"
"675","COX5B","1"
"676","UNC50","1"
"677","EIF5B","1"
"678","TCEA1","1"
"679","GLS","1"
"680","BZW1","1"
"681","CLK1","1"
"682","NDUFB3","1"
"683","TRAK2","1"
"684","NOP58","1"
"685","NDUFS1","1"
"686","CREB1","1"
"687","MAP2","1"
"688","CDK5R2","1"
"689","SLC4A3","1"
"690","SCG2","1"
"691","CUL3","1"
"692","SPHKAP","1"
"693","DNER","1"
"694","TRIP12","1"
"695","ITM2C","1"
"696","NCL","1"
"697","PDE6D","1"
"698","GIGYF2","1"
"699","AGAP1","1"
"700","NDUFA10","1"
"701","MYEOV2","1"
"702","SNHG6","1"
"703","ATP5C1","1"
"704","CSTF3","1"
"705","PAX6","1"
"706","LIN7C","1"
"707","SLC12A6","1"
"708","EMC7","1"
"709","RBM17","1"
"710","MEIS2","1"
"711","FAM98B","1"
"712","IVD","1"
"713","RMDN3","1"
"714","1700020I14RIK","1"
"715","MGA","1"
"716","EHD4","1"
"717","ZFP106","1"
"718","CCNDBP1","1"
"719","PPIP5K1","1"
"720","CKMT1","1"
"721","SERF2","1"
"722","HYPK","1"
"723","FRMD5","1"
"724","CTDSPL2","1"
"725","DUT","1"
"726","SECISBP2L","1"
"727","USP8","1"
"728","TRPM7","1"
"729","1500011K16RIK","1"
"730","SNRPB","1"
"731","DDRGK1","1"
"732","4930402H24RIK","1"
"733","PRNP","1"
"734","TMEM230","1"
"735","CHGB","1"
"736","TMX4","1"
"737","PLCB4","1"
"738","VIM","1"
"739","SNAP25","1"
"740","MKKS","1"
"741","NDUFAF5","1"
"742","DSTN","1"
"743","RRBP1","1"
"744","DTD1","1"
"745","SLC24A3","1"
"746","CACNB2","1"
"747","FKBP1A","1"
"748","KIF3B","1"
"749","MAPRE1","1"
"750","RALY","1"
"751","ITCH","1"
"752","TRP53INP2","1"
"753","ERGIC3","1"
"754","RBM39","1"
"755","SCAND1","1"
"756","1110008F13RIK","1"
"757","NDRG3","1"
"758","RPN2","1"
"759","NNAT","1"
"760","SNHG11","1"
"761","SLC32A1","1"
"762","TOP1","1"
"763","SRSF6","1"
"764","PKIG","1"
"765","YWHAB","1"
"766","SYS1","1"
"767","SLC12A5","1"
"768","ZMYND8","1"
"769","1500012F01RIK","1"
"770","GNAS","1"
"771","RPS21","1"
"772","MLLT10","1"
"773","EEF1A2","1"
"774","STMN3","1"
"775","BMI1","1"
"776","EHMT1","1"
"777","NPDC1","1"
"778","BC029214","1"
"779","PHPT1","1"
"780","CAMSAP1","1"
"781","BRD3","1"
"782","OLFM1","1"
"783","BC005624","1"
"784","DNM1","1"
"785","SLC25A25","1"
"786","STXBP1","1"
"787","HSPA5","1"
"788","HSPA14","1"
"789","PDCL","1"
"790","STRBP","1"
"791","ZEB2","1"
"792","EPC2","1"
"793","KIF5C","1"
"794","OPTN","1"
"795","RIF1","1"
"796","STAM2","1"
"797","CAMK1D","1"
"798","PRPF40A","1"
"799","CDC123","1"
"800","UPF2","1"
"801","BAZ2B","1"
"802","MARCH7","1"
"803","SLC4A10","1"
"804","SSB","1"
"805","GAD1","1"
"806","GORASP2","1"
"807","METAP1D","1"
"808","CHN1","1"
"809","MED19","1"
"810","ZDHHC5","1"
"811","FNBP4","1"
"812","NDUFS3","1"
"813","MADD","1"
"814","1110051M20RIK","1"
"815","HSD17B12","1"
"816","ATP1A1","1"
"817","NHLH2","1"
"818","CSDE1","1"
"819","LAMTOR5","1"
"820","AHCYL1","1"
"821","GSTM5","1"
"822","WDR47","1"
"823","PRPF38B","1"
"824","D3BWG0562E","1"
"825","ABCD3","1"
"826","DNTTIP2","1"
"827","CAMK2D","1"
"828","ELOVL6","1"
"829","RPL34","1"
"830","PPA2","1"
"831","TET2","1"
"832","CISD2","1"
"833","UBE2D3","1"
"834","PPP3CA","1"
"835","TSPAN5","1"
"836","PKN2","1"
"837","LMO4","1"
"838","SH3GLB1","1"
"839","SSX2IP","1"
"840","RPF1","1"
"841","PRKACB","1"
"842","GM10288","1"
"843","RPSA-PS10","1"
"844","USP33","1"
"845","ZZZ3","1"
"846","RABGGTB","1"
"847","ACADM","1"
"848","ARMC1","1"
"849","PIK3CA","1"
"850","NDUFB5","1"
"851","CCDC39","1"
"852","ATP11B","1"
"853","HSPA4L","1"
"854","PGRMC2","1"
"855","ZFHX4","1"
"856","MAB21L1","1"
"857","RNF13","1"
"858","PFN2","1"
"859","MBNL1","1"
"860","SSR3","1"
"861","SCHIP1","1"
"862","FSTL5","1"
"863","GRIA2","1"
"864","GUCY1B3","1"
"865","GUCY1A3","1"
"866","TRIM2","1"
"867","FBXW7","1"
"868","STMN2","1"
"869","RPS3A1","1"
"870","MEF2D","1"
"871","CCT3","1"
"872","SSR2","1"
"873","SYT11","1"
"874","ASH1L","1"
"875","DPM3","1"
"876","TPD52","1"
"877","TPM3","1"
"878","JTB","1"
"879","ILF2","1"
"880","CHTOP","1"
"881","MRPL9","1"
"882","PSMD4","1"
"883","MLLT11","1"
"884","RPS10-PS1","1"
"885","SV2A","1"
"886","POLR3GL","1"
"887","RBM8A","1"
"888","PDE4DIP","1"
"889","SEC22B","1"
"890","SGIP1","1"
"891","MIER1","1"
"892","DAB1","1"
"893","MAGOH","1"
"894","SCP2","1"
"895","NRD1","1"
"896","CMPK1","1"
"897","UQCRH","1"
"898","PIK3R3","1"
"899","PRDX1","1"
"900","RPS8","1"
"901","EBNA1BP2","1"
"902","YBX1","1"
"903","RLF","1"
"904","UTP11L","1"
"905","SF3A3","1"
"906","GNL2","1"
"907","THRAP3","1"
"908","MAP7D1","1"
"909","AGO3","1"
"910","RBBP4","1"
"911","MARCKSL1","1"
"912","CCDC28B","1"
"913","PTP4A2","1"
"914","ZCCHC17","1"
"915","PUM1","1"
"916","SRSF4","1"
"917","ATPIF1","1"
"918","TRNP1","1"
"919","E130218I03RIK","1"
"920","STMN1","1"
"921","TMEM50A","1"
"922","D4WSU53E","1"
"923","SYF2","1"
"924","SRSF10","1"
"925","PITHD1","1"
"926","CDC42","1"
"927","RUNX1T1","1"
"928","USP48","1"
"929","PINK1","1"
"930","CAMK2N1","1"
"931","PRDM2","1"
"932","TARDBP","1"
"933","KIF1B","1"
"934","CLSTN1","1"
"935","SLC25A33","1"
"936","ENO1","1"
"937","PARK7","1"
"938","ACOT7","1"
"939","RPL22","1"
"940","PANK4","1"
"941","RER1","1"
"942","CDK11B","1"
"943","MRPL20","1"
"944","CCNL2","1"
"945","AURKAIP1","1"
"946","UFL1","1"
"947","PNRC1","1"
"948","AKIRIN2","1"
"949","ZFP292","1"
"950","RPS20","1"
"951","CHCHD7","1"
"952","TMEM215","1"
"953","DNAJA1","1"
"954","CCDC107","1"
"955","ZCCHC7","1"
"956","ALG2","1"
"957","IMPAD1","1"
"958","TXN1","1"
"959","FRMD3","1"
"960","PTPRD","1"
"961","CNTLN","1"
"962","RRAGA","1"
"963","ASPH","1"
"964","IFT74","1"
"965","MYSM1","1"
"966","HOOK1","1"
"967","TMEM150C","1"
"968","CDS1","1"
"969","ARHGAP24","1"
"970","SPARCL1","1"
"971","BC005561","1"
"972","ZFP644","1"
"973","A830010M20RIK","1"
"974","ATP5K","1"
"975","PITPNB","1"
"976","2210016L21RIK","1"
"977","CABP1","1"
"978","RNF10","1"
"979","DYNLL1","1"
"980","COX6A1","1"
"981","RPLP0","1"
"982","SUDS3","1"
"983","TAOK3","1"
"984","MED13L","1"
"985","RPH3A","1"
"986","FAM216A","1"
"987","IFT81","1"
"988","ANAPC5","1"
"989","ZCCHC8","1"
"990","RSRC2","1"
"991","GBAS","1"
"992","SBDS","1"
"993","AUTS2","1"
"994","MDH2","1"
"995","SRRM3","1"
"996","YWHAG","1"
"997","POLR2J","1"
"998","GNB2","1"
"999","ZKSCAN1","1"
"1000","ACTB","1"
"1001","RAC1","1"
"1002","CCZ1","1"
"1003","TECPR1","1"
"1004","ATP5J2","1"
"1005","RNF6","1"
"1006","POLR1D","1"
"1007","KATNAL1","1"
"1008","N4BP2L2","1"
"1009","RSBN1L","1"
"1010","KMT2E","1"
"1011","TOMM7","1"
"1012","NUB1","1"
"1013","KMT2C","1"
"1014","DPP6","1"
"1015","RBM33","1"
"1016","HADHA","1"
"1017","MAPRE3","1"
"1018","ATRAID","1"
"1019","EIF2B4","1"
"1020","YWHAH","1"
"1021","LETM1","1"
"1022","GM1673","1"
"1023","ADD1","1"
"1024","FAM133B","1"
"1025","CRMP1","1"
"1026","NSG1","1"
"1027","WDR1","1"
"1028","RAB28","1"
"1029","FBXL5","1"
"1030","QDPR","1"
"1031","SLIT2","1"
"1032","CDK14","1"
"1033","DHX15","1"
"1034","SMIM14","1"
"1035","N4BP2","1"
"1036","UCHL1","1"
"1037","EPHA5","1"
"1038","YTHDC1","1"
"1039","UTP3","1"
"1040","DMTF1","1"
"1041","SRGAP3","1"
"1042","BRK1","1"
"1043","SLC6A1","1"
"1044","RPL32","1"
"1045","NDUFA4","1"
"1046","WNK1","1"
"1047","KDM5A","1"
"1048","ATP6V1E1","1"
"1049","THSD7A","1"
"1050","PHB2","1"
"1051","TPI1","1"
"1052","GPR162","1"
"1053","PTMS","1"
"1054","MLF2","1"
"1055","ING4","1"
"1056","CDKN1B","1"
"1057","B630005N14RIK","1"
"1058","ATF7IP","1"
"1059","EPS8","1"
"1060","STRAP","1"
"1061","LDHB","1"
"1062","CMAS","1"
"1063","KRAS","1"
"1064","CAPZA2","1"
"1065","CTTNBP2","1"
"1066","FAM3C","1"
"1067","CCDC136","1"
"1068","MEST","1"
"1069","CHCHD3","1"
"1070","BPGM","1"
"1071","PTN","1"
"1072","UBN2","1"
"1073","BRAF","1"
"1074","MRPS33","1"
"1075","FAM115A","1"
"1076","CNTNAP2","1"
"1077","CASD1","1"
"1078","PDIA4","1"
"1079","TRA2A","1"
"1080","HNRNPA2B1","1"
"1081","SNX10","1"
"1082","HIBADH","1"
"1083","TAX1BP1","1"
"1084","SCRN1","1"
"1085","NT5C3","1"
"1086","HERC3","1"
"1087","NAP1L5","1"
"1088","NDNF","1"
"1089","KDM3A","1"
"1090","IMMT","1"
"1091","MAT2A","1"
"1092","TMSB10","1"
"1093","SUCLG1","1"
"1094","DCTN1","1"
"1095","DUSP11","1"
"1096","SNRPG","1"
"1097","PCBP1","1"
"1098","SNRNP27","1"
"1099","GFPT1","1"
"1100","CNBP","1"
"1101","RAB7","1"
"1102","RPN1","1"
"1103","PODXL2","1"
"1104","ARL6IP5","1"
"1105","PGM2L1","1"
"1106","PPME1","1"
"1107","RAB6A","1"
"1108","SMPD1","1"
"1109","APBB1","1"
"1110","TPP1","1"
"1111","EIF3F","1"
"1112","CTR9","1"
"1113","EIF4G2","1"
"1114","USP47","1"
"1115","DKK3","1"
"1116","ARNTL","1"
"1117","COPB1","1"
"1118","NUCB2","1"
"1119","RPS15A","1"
"1120","SMG1","1"
"1121","CCP110","1"
"1122","KNOP1","1"
"1123","PRKCB","1"
"1124","RBBP6","1"
"1125","TNRC6A","1"
"1126","YPEL3","1"
"1127","ALDOA","1"
"1128","HIRIP3","1"
"1129","ZFP329","1"
"1130","RPS5","1"
"1131","CHMP2A","1"
"1132","NSMCE4A","1"
"1133","TACC2","1"
"1134","ZRANB1","1"
"1135","CTBP2","1"
"1136","BNIP3","1"
"1137","TALDO1","1"
"1138","CEND1","1"
"1139","SLC25A22","1"
"1140","RPLP2","1"
"1141","AP2A2","1"
"1142","DUSP8","1"
"1143","GLTSCR2","1"
"1144","AP2S1","1"
"1145","CALM3","1"
"1146","PNMAL2","1"
"1147","SNRPD2","1"
"1148","RPS19","1"
"1149","PLD3","1"
"1150","SIRT2","1"
"1151","HNRNPL","1"
"1152","PSMD8","1"
"1153","CAPNS1","1"
"1154","TBCB","1"
"1155","CLIP3","1"
"1156","APLP1","1"
"1157","USF2","1"
"1158","LSM14A","1"
"1159","RPS9","1"
"1160","EMC10","1"
"1161","RPS11","1"
"1162","RPL13A","1"
"1163","SNRNP70","1"
"1164","DHDH","1"
"1165","DBP","1"
"1166","CYTH2","1"
"1167","KCNC1","1"
"1168","GTF2H1","1"
"1169","LDHA","1"
"1170","TSG101","1"
"1171","NAT14","1"
"1172","GABRB3","1"
"1173","SNRPN","1"
"1174","A330076H08RIK","1"
"1175","NDN","1"
"1176","VIMP","1"
"1177","CHD2","1"
"1178","RP23-32A8.1","1"
"1179","NGRN","1"
"1180","ZFAND6","1"
"1181","CREBZF","1"
"1182","PCF11","1"
"1183","MAP6","1"
"1184","RPS3","1"
"1185","SPCS2","1"
"1186","NAE1","1"
"1187","TMEM208","1"
"1188","GM5914","1"
"1189","CTCF","1"
"1190","GM10073","1"
"1191","NFAT5","1"
"1192","ZFHX3","1"
"1193","CALB2","1"
"1194","CMIP","1"
"1195","USP10","1"
"1196","6430548M08RIK","1"
"1197","EMC8","1"
"1198","SPG7","1"
"1199","TOMM20","1"
"1200","ATP11A","1"
"1201","CUL4A","1"
"1202","LAMP1","1"
"1203","GAS6","1"
"1204","UPF3A","1"
"1205","AGPAT5","1"
"1206","VPS36","1"
"1207","VDAC3","1"
"1208","KAT6A","1"
"1209","ADAM9","1"
"1210","WHSC1L1","1"
"1211","HOOK3","1"
"1212","TUSC3","1"
"1213","CNOT7","1"
"1214","VPS37A","1"
"1215","MAP2K7","1"
"1216","TIMM44","1"
"1217","CERS4","1"
"1218","UFSP2","1"
"1219","4933411K20RIK","1"
"1220","ING2","1"
"1221","WWC2","1"
"1222","GPM6A","1"
"1223","2700029M09RIK","1"
"1224","CLCN3","1"
"1225","SPOCK3","1"
"1226","CPE","1"
"1227","TMEM59L","1"
"1228","LSM4","1"
"1229","JUND","1"
"1230","RAB3A","1"
"1231","USE1","1"
"1232","SMIM7","1"
"1233","SIN3B","1"
"1234","OTUD4","1"
"1235","SMARCA5","1"
"1236","RNF150","1"
"1237","ELMOD2","1"
"1238","SCOC","1"
"1239","NDUFB7","1"
"1240","PRKACA","1"
"1241","CALR","1"
"1242","PRDX2","1"
"1243","CHD9","1"
"1244","AKTIP","1"
"1245","GNAO1","1"
"1246","MT1","1"
"1247","FAM192A","1"
"1248","GTL3","1"
"1249","NDRG4","1"
"1250","CNOT1","1"
"1251","ANAPC13","1"
"1252","RAB6B","1"
"1253","ATP2C1","1"
"1254","RPL29","1"
"1255","ABHD14A","1"
"1256","TEX264","1"
"1257","MANF","1"
"1258","CACNA2D2","1"
"1259","GNAI2","1"
"1260","RBM6","1"
"1261","IP6K1","1"
"1262","KLHDC8B","1"
"1263","USP19","1"
"1264","DALRD3","1"
"1265","PRKAR2A","1"
"1266","IP6K2","1"
"1267","UQCRC1","1"
"1268","ATRIP","1"
"1269","MAP4","1"
"1270","CSPG5","1"
"1271","SCAP","1"
"1272","SETD2","1"
"1273","DYNC1LI1","1"
"1274","AZI2","1"
"1275","GOLGA4","1"
"1276","ACAA1A","1"
"1277","RPL14","1"
"1278","DEB1","1"
"1279","NKTR","1"
"1280","HIGD1A","1"
"1281","ZFP445","1"
"1282","LZTFL1","1"
"1283","CEP57","1"
"1284","CWC15","1"
"1285","UBL5","1"
"1286","EIF3G","1"
"1287","SMARCA4","1"
"1288","ELAVL3","1"
"1289","SEPT7","1"
"1290","NCAPD3","1"
"1291","GRAMD1B","1"
"1292","GRIA4","1"
"1293","DDX6","1"
"1294","KMT2A","1"
"1295","BACE1","1"
"1296","CADM1","1"
"1297","DIXDC1","1"
"1298","ACAT1","1"
"1299","CUL5","1"
"1300","ELMOD1","1"
"1301","DMXL2","1"
"1302","WDR61","1"
"1303","ETFA","1"
"1304","RCN2","1"
"1305","SCAMP5","1"
"1306","CPLX3","1"
"1307","BBS4","1"
"1308","ARIH1","1"
"1309","PKM","1"
"1310","RPLP1","1"
"1311","ANP32A","1"
"1312","CORO2B","1"
"1313","2300009A05RIK","1"
"1314","RPL4","1"
"1315","CLPX","1"
"1316","CSNK1G1","1"
"1317","TPM1","1"
"1318","RORA","1"
"1319","GTF2A2","1"
"1320","SLTM","1"
"1321","TCF12","1"
"1322","ZFP280D","1"
"1323","TEX9","1"
"1324","ARPP19","1"
"1325","MYO5A","1"
"1326","LEO1","1"
"1327","TMOD2","1"
"1328","SCG3","1"
"1329","FBXO9","1"
"1330","MYO6","1"
"1331","HMGN3","1"
"1332","SYNCRIP","1"
"1333","U2SURP","1"
"1334","ATP1B3","1"
"1335","FAIM","1"
"1336","MT-CYTB","1"
"1337","RPGR","1"
"1338","TAF1","1"
"1339","SH3BGRL","1"
"1340","GPRASP1","1"
"1341","GPRASP2","1"
"1342","BEX2","1"
"1343","TCEAL5","1"
"1344","BEX1","1"
"1345","NGFRAP1","1"
"1346","TCEAL3","1"
"1347","MORF4L2","1"
"1348","ZCCHC18","1"
"1349","PAK3","1"
"1350","GNL3L","1"
"1351","KDM5C","1"
"1352","GM6472","1"
"1353","SAT1","1"
"1354","MAP7D2","1"
"1355","PDHA1","1"
"1356","SYAP1","1"
"1357","OFD1","1"
"1358","TMSB4X","1"
"1359","NDUFB11","1"
"1360","PGRMC1","1"
"1361","SLC25A5","1"
"1362","RPL39","1"
"1363","UPF3B","1"
"1364","MCTS1","1"
"1365","THOC2","1"
"1366","XIAP","1"
"1367","STAG2","1"
"1368","CXX1B","1"
"1369","HTATSF1","1"
"1370","RBMX","1"
"1371","CETN2","1"
"1372","ATP6AP1","1"
"1373","GDI1","1"
"1374","BRCC3","1"
"1375","VBP1","1"
"1376","SYP","1"
"1377","GRIPAP1","1"
"1378","PCSK1N","1"
"1379","MAGED1","1"
"1380","ARHGEF9","1"
"1381","LAS1L","1"
"1382","PJA1","1"
"1383","CEP290","2"
"1384","PPFIA2","2"
"1385","PPP1R12A","2"
"1386","SYT1","2"
"1387","ZDHHC17","2"
"1388","ATXN7L3B","2"
"1389","CNOT2","2"
"1390","CCT2","2"
"1391","MDM1","2"
"1392","GNS","2"
"1393","OS9","2"
"1394","PIP4K2C","2"
"1395","DCTN2","2"
"1396","PTGES3","2"
"1397","CS","2"
"1398","SMARCC2","2"
"1399","PA2G4","2"
"1400","RPS26","2"
"1401","NEUROD4","2"
"1402","AIG1","2"
"1403","MAP7","2"
"1404","BCLAF1","2"
"1405","AHI1","2"
"1406","AKAP7","2"
"1407","EPB4.1L2","2"
"1408","GM10275","2"
"1409","NCOA7","2"
"1410","HDAC2","2"
"1411","REV3L","2"
"1412","CDK19","2"
"1413","SNX3","2"
"1414","FAM184A","2"
"1415","GCC2","2"
"1416","MICU1","2"
"1417","SAR1A","2"
"1418","2510003E04RIK","2"
"1419","DDX50","2"
"1420","RUFY2","2"
"1421","CISD1","2"
"1422","IPMK","2"
"1423","GUCD1","2"
"1424","DDT","2"
"1425","SMARCB1","2"
"1426","PCMT1","2"
"1427","PCBP3","2"
"1428","SUMO3","2"
"1429","PFKL","2"
"1430","AGPAT3","2"
"1431","RRP1","2"
"1432","CSTB","2"
"1433","TAB2","2"
"1434","PPAP2C","2"
"1435","ATP5D","2"
"1436","NDUFS7","2"
"1437","REEP6","2"
"1438","PLK5","2"
"1439","UQCR11","2"
"1440","AP3D1","2"
"1441","TIMM13","2"
"1442","SGTA","2"
"1443","MAP2K2","2"
"1444","ZBTB7A","2"
"1445","EEF2","2"
"1446","AES","2"
"1447","APPL2","2"
"1448","RIC8B","2"
"1449","ARL1","2"
"1450","SLC25A3","2"
"1451","METAP2","2"
"1452","GM4792","2"
"1453","ATP2B1","2"
"1454","ACLY","2"
"1455","DNAJC7","2"
"1456","ATP6V0A1","2"
"1457","COA3","2"
"1458","ARL4D","2"
"1459","UBTF","2"
"1460","RUNDC3A","2"
"1461","NSF","2"
"1462","DCAF7","2"
"1463","PSMC5","2"
"1464","POLG2","2"
"1465","PSMD12","2"
"1466","HELZ","2"
"1467","RGS9","2"
"1468","SLC16A6","2"
"1469","WIPI1","2"
"1470","ATP5H","2"
"1471","GRB2","2"
"1472","LLGL2","2"
"1473","WBP2","2"
"1474","ACOX1","2"
"1475","GM11744","2"
"1476","MXRA7","2"
"1477","SRSF2","2"
"1478","SEC14L1","2"
"1479","TNRC6C","2"
"1480","PDE6G","2"
"1481","FAM195B","2"
"1482","ANAPC11","2"
"1483","MAFG","2"
"1484","CSNK1D","2"
"1485","NARF","2"
"1486","CNRIP1","2"
"1487","PPP3R1","2"
"1488","C1D","2"
"1489","RAB1","2"
"1490","AFTPH","2"
"1491","LGALSL","2"
"1492","MDH1","2"
"1493","FAM161A","2"
"1494","XPO1","2"
"1495","PSME4","2"
"1496","CPEB4","2"
"1497","NPM1","2"
"1498","OSBP2","2"
"1499","CCNG1","2"
"1500","PWWP2A","2"
"1501","TTC1","2"
"1502","RNF145","2"
"1503","UQCR10","2"
"1504","CNOT6","2"
"1505","MAPK9","2"
"1506","CANX","2"
"1507","HNRNPH1","2"
"1508","EWSR1","2"
"1509","GRM6","2"
"1510","HNRNPAB","2"
"1511","SAR1B","2"
"1512","UBE2B","2"
"1513","PPP2CA","2"
"1514","SKP1A","2"
"1515","9530068E07RIK","2"
"1516","HSPA4","2"
"1517","SPARC","2"
"1518","HIST3H2A","2"
"1519","ARF1","2"
"1520","FLCN","2"
"1521","NUDCD3","2"
"1522","TTC19","2"
"1523","NCOR1","2"
"1524","OGDH","2"
"1525","HS3ST3B1","2"
"1526","PURB","2"
"1527","GAS7","2"
"1528","RCVRN","2"
"1529","VAMP2","2"
"1530","GUCY2E","2"
"1531","TRAPPC1","2"
"1532","ATP1B2","2"
"1533","EIF4A1","2"
"1534","TNFSF12","2"
"1535","TMEM256","2"
"1536","EIF5A","2"
"1537","GABARAP","2"
"1538","ACADVL","2"
"1539","SLC25A11","2"
"1540","RABEP1","2"
"1541","AIPL1","2"
"1542","PITPNM3","2"
"1543","EMC6","2"
"1544","PAFAH1B1","2"
"1545","CRK","2"
"1546","YWHAE","2"
"1547","BLMH","2"
"1548","TAOK1","2"
"1549","2610507B11RIK","2"
"1550","UNC119","2"
"1551","VTN","2"
"1552","IFT20","2"
"1553","CRLF3","2"
"1554","5730455P16RIK","2"
"1555","PSMD11","2"
"1556","GGNBP2","2"
"1557","APPBP2","2"
"1558","VMP1","2"
"1559","TRIM37","2"
"1560","CUEDC1","2"
"1561","MSI2","2"
"1562","AKAP1","2"
"1563","DGKE","2"
"1564","SPAG9","2"
"1565","ANKRD40","2"
"1566","SLC35B1","2"
"1567","SPOP","2"
"1568","GNGT2","2"
"1569","SNF8","2"
"1570","ATP5G1","2"
"1571","NFE2L1","2"
"1572","KPNB1","2"
"1573","GPR179","2"
"1574","MLLT6","2"
"1575","PSMB3","2"
"1576","MIEN1","2"
"1577","MSL1","2"
"1578","PSMC1","2"
"1579","CPSF2","2"
"1580","DDX24","2"
"1581","GLRX5","2"
"1582","SETD3","2"
"1583","EVL","2"
"1584","EIF5","2"
"1585","MARK3","2"
"1586","CKB","2"
"1587","BC048943","2"
"1588","SMC6","2"
"1589","BRF1","2"
"1590","WDR60","2"
"1591","SP4","2"
"1592","ROCK2","2"
"1593","YWHAQ","2"
"1594","KIDINS220","2"
"1595","RAB10","2"
"1596","DNMT3A","2"
"1597","ARL4A","2"
"1598","PNPLA8","2"
"1599","0610009D07RIK","2"
"1600","UBXN2A","2"
"1601","STRN3","2"
"1602","HECTD1","2"
"1603","ARHGAP5","2"
"1604","SNX6","2"
"1605","CFL2","2"
"1606","PSMA6","2"
"1607","FKBP3","2"
"1608","RPL36AL","2"
"1609","KLHDC2","2"
"1610","TRIM9","2"
"1611","ACTR10","2"
"1612","DAAM1","2"
"1613","PPM1A","2"
"1614","4930447C04RIK","2"
"1615","SYNE2","2"
"1616","ATP6V1D","2"
"1617","VTI1B","2"
"1618","RDH12","2"
"1619","SRSF5","2"
"1620","SYNJ2BP","2"
"1621","DPF3","2"
"1622","VSX2","2"
"1623","YLPM1","2"
"1624","FOS","2"
"1625","IFT43","2"
"1626","ESRRB","2"
"1627","PUM2","2"
"1628","TTC8","2"
"1629","NDUFS4","2"
"1630","MOCS2","2"
"1631","PSMA2","2"
"1632","RALA","2"
"1633","AMPH","2"
"1634","GM11273","2"
"1635","HIST1H2BC","2"
"1636","HIST1H1C","2"
"1637","SCGN","2"
"1638","UQCRFS1","2"
"1639","GDI2","2"
"1640","SSR1","2"
"1641","PAK1IP1","2"
"1642","MAK","2"
"1643","PHACTR1","2"
"1644","SUSD3","2"
"1645","NXNL2","2"
"1646","HIGD2A","2"
"1647","NSD1","2"
"1648","PRELID1","2"
"1649","TMED9","2"
"1650","B230219D22RIK","2"
"1651","TXNDC15","2"
"1652","HNRNPA0","2"
"1653","UBQLN1","2"
"1654","AGTPBP1","2"
"1655","ISCA1","2"
"1656","ZCCHC6","2"
"1657","BC018507","2"
"1658","NDUFS6","2"
"1659","LPCAT1","2"
"1660","BRD9","2"
"1661","EXOC3","2"
"1662","CETN3","2"
"1663","CCNH","2"
"1664","RASA1","2"
"1665","COX7C","2"
"1666","GTPBP4","2"
"1667","LARP4B","2"
"1668","SCAMP1","2"
"1669","TBCA","2"
"1670","HMGCR","2"
"1671","ZMYND11","2"
"1672","ANKRA2","2"
"1673","FCHO2","2"
"1674","TNPO1","2"
"1675","COMMD6","2"
"1676","MYCBP2","2"
"1677","NDFIP2","2"
"1678","SPRY2","2"
"1679","THOC7","2"
"1680","PSMD6","2"
"1681","SLC4A7","2"
"1682","THRB","2"
"1683","NR1D2","2"
"1684","PPP3CB","2"
"1685","KAT6B","2"
"1686","SLMAP","2"
"1687","APPL1","2"
"1688","LRTM1","2"
"1689","SELK","2"
"1690","SPCS1","2"
"1691","NISCH","2"
"1692","MAPK8","2"
"1693","RBP3","2"
"1694","WAPAL","2"
"1695","LRIT1","2"
"1696","LRIT2","2"
"1697","CDHR1","2"
"1698","GHITM","2"
"1699","DDHD1","2"
"1700","CNIH1","2"
"1701","OTX2","2"
"1702","EXOC5","2"
"1703","OSGEP","2"
"1704","TMEM55B","2"
"1705","RPGRIP1","2"
"1706","CHD8","2"
"1707","DAD1","2"
"1708","MRPL52","2"
"1709","PSMB5","2"
"1710","PABPN1","2"
"1711","NRL","2"
"1712","NEDD8","2"
"1713","MPHOSPH8","2"
"1714","MRP63","2"
"1715","AMER2","2"
"1716","EBPL","2"
"1717","CTSB","2"
"1718","A930011O12RIK","2"
"1719","BNIP3L","2"
"1720","PPP2R2A","2"
"1721","PPP3CC","2"
"1722","SUCLA2","2"
"1723","ZC3H13","2"
"1724","GTF2F2","2"
"1725","SUGT1","2"
"1726","ANKRD33","2"
"1727","EIF4B","2"
"1728","PRR13","2"
"1729","SMUG1","2"
"1730","COPZ1","2"
"1731","SUB1","2"
"1732","ZFR","2"
"1733","MYO10","2"
"1734","ANKRD33B","2"
"1735","ZFP706","2"
"1736","UBR5","2"
"1737","AZIN1","2"
"1738","OXCT1","2"
"1739","ENY2","2"
"1740","GM10250","2"
"1741","EIF3H","2"
"1742","RAD21","2"
"1743","TRIB1","2"
"1744","EFR3A","2"
"1745","NDRG1","2"
"1746","KHDRBS3","2"
"1747","EGFLAM","2"
"1748","PTP4A3","2"
"1749","PUF60","2"
"1750","CYC1","2"
"1751","VPS28","2"
"1752","H1F0","2"
"1753","POLR2F","2"
"1754","RPL3","2"
"1755","ST13","2"
"1756","RANGAP1","2"
"1757","TEF","2"
"1758","TOB2","2"
"1759","ACO2","2"
"1760","SMDT1","2"
"1761","NDUFA6","2"
"1762","PACSIN2","2"
"1763","PNPLA3","2"
"1764","SLC1A3","2"
"1765","NADK2","2"
"1766","KIF21A","2"
"1767","TWF1","2"
"1768","RPAP3","2"
"1769","TUBA1B","2"
"1770","SPATS2","2"
"1771","PRPF40B","2"
"1772","SMARCD1","2"
"1773","COX14","2"
"1774","BFAR","2"
"1775","FOPNL","2"
"1776","DNM1L","2"
"1777","MAPK1","2"
"1778","UBE2L3","2"
"1779","RANBP1","2"
"1780","A930003A15RIK","2"
"1781","ABCC5","2"
"1782","PSMD2","2"
"1783","EIF4G1","2"
"1784","2510009E07RIK","2"
"1785","EIF4A2","2"
"1786","CCDC50","2"
"1787","OPA1","2"
"1788","CEP19","2"
"1789","TFRC","2"
"1790","FYTTD1","2"
"1791","MYLK","2"
"1792","FAM162A","2"
"1793","GSK3B","2"
"1794","COX17","2"
"1795","ADPRH","2"
"1796","CREBBP","2"
"1797","ZBTB20","2"
"1798","ATG3","2"
"1799","CDIP1","2"
"1800","ROGDI","2"
"1801","GLYR1","2"
"1802","SENP7","2"
"1803","IMPG2","2"
"1804","TFG","2"
"1805","TOMM70A","2"
"1806","ARL6","2"
"1807","ARL13B","2"
"1808","ZFP654","2"
"1809","CGGBP1","2"
"1810","SAMSN1","2"
"1811","NRIP1","2"
"1812","JAM2","2"
"1813","ATP5J","2"
"1814","USP7","2"
"1815","CCT8","2"
"1816","SOD1","2"
"1817","PAXBP1","2"
"1818","CRYZL1","2"
"1819","KCNE2","2"
"1820","HMGN1","2"
"1821","TCP1","2"
"1822","SOD2","2"
"1823","MLLT4","2"
"1824","PSMB1","2"
"1825","PAQR4","2"
"1826","SRRM2","2"
"1827","TCEB2","2"
"1828","PDPK1","2"
"1829","RNPS1","2"
"1830","GNG13","2"
"1831","FAM173A","2"
"1832","STUB1","2"
"1833","RHOT2","2"
"1834","CUTA","2"
"1835","NUDT3","2"
"1836","TULP1","2"
"1837","STK38","2"
"1838","MTCH1","2"
"1839","GLO1","2"
"1840","NDUFV3","2"
"1841","RRP1B","2"
"1842","BRD4","2"
"1843","RAB11B","2"
"1844","BC033916","2"
"1845","H2-KE2","2"
"1846","BRD2","2"
"1847","CSNK2B","2"
"1848","PRRC2A","2"
"1849","IER3","2"
"1850","TUBB5","2"
"1851","PPP1R11","2"
"1852","GM26924","2"
"1853","CD2AP","2"
"1854","ENPP5","2"
"1855","CDC5L","2"
"1856","TMEM63B","2"
"1857","ZFP318","2"
"1858","PRPH2","2"
"1859","UBR2","2"
"1860","GUCA1B","2"
"1861","GUCA1A","2"
"1862","HDGFRP2","2"
"1863","SAFB","2"
"1864","2410015M20RIK","2"
"1865","NDUFA11","2"
"1866","CLPP","2"
"1867","GTF2F1","2"
"1868","2610034M16RIK","2"
"1869","GTF2H5","2"
"1870","TULP4","2"
"1871","VAPA","2"
"1872","RALBP1","2"
"1873","SOGA2","2"
"1874","BC027072","2"
"1875","YPEL5","2"
"1876","LBH","2"
"1877","YIPF4","2"
"1878","BIRC6","2"
"1879","GPATCH11","2"
"1880","FBXO11","2"
"1881","ROCK1","2"
"1882","ESCO1","2"
"1883","SNRPD1","2"
"1884","MAPRE2","2"
"1885","APC","2"
"1886","SRP19","2"
"1887","KDM3B","2"
"1888","EGR1","2"
"1889","ETF1","2"
"1890","CTNNA1","2"
"1891","MATR3","2"
"1892","PAIP2","2"
"1893","CXXC5","2"
"1894","PURA","2"
"1895","PFDN1","2"
"1896","IK","2"
"1897","ZMAT2","2"
"1898","RNF14","2"
"1899","NDFIP1","2"
"1900","NR3C1","2"
"1901","TCERG1","2"
"1902","PPP2R2B","2"
"1903","EIF3J2","2"
"1904","SLC26A2","2"
"1905","PDE6A","2"
"1906","PPARGC1B","2"
"1907","CSNK1A1","2"
"1908","KIF5B","2"
"1909","TXNL1","2"
"1910","NARS","2"
"1911","RAX","2"
"1912","CPLX4","2"
"1913","RAB18","2"
"1914","BC031181","2"
"1915","IER3IP1","2"
"1916","A330094K24RIK","2"
"1917","ATP5A1","2"
"1918","WAC","2"
"1919","HSBP1L1","2"
"1920","THOC1","2"
"1921","CPSF7","2"
"1922","STX3","2"
"1923","ZFAND5","2"
"1924","ABHD17B","2"
"1925","TJP2","2"
"1926","SMARCA2","2"
"1927","KCNV2","2"
"1928","CDC37L1","2"
"1929","9930021J03RIK","2"
"1930","ATAD1","2"
"1931","PTEN","2"
"1932","MRPL21","2"
"1933","CPT1A","2"
"1934","CHKA","2"
"1935","CDK2AP2","2"
"1936","PITPNM1","2"
"1937","TM9SF3","2"
"1938","CABP4","2"
"1939","CORO1B","2"
"1940","PPP1CA","2"
"1941","UBTD1","2"
"1942","MRPL43","2"
"1943","MGEA5","2"
"1944","CUEDC2","2"
"1945","USMG5","2"
"1946","SFR1","2"
"1947","SF3B2","2"
"1948","BANF1","2"
"1949","SART1","2"
"1950","PDCD4","2"
"1951","DRAP1","2"
"1952","GM20417","2"
"1953","PDZD8","2"
"1954","EIF3A","2"
"1955","PRDX5","2"
"1956","TRMT112","2"
"1957","FKBP2","2"
"1958","STIP1","2"
"1959","RTN3","2"
"1960","SLC3A2","2"
"1961","POLR2G","2"
"1962","HNRNPUL2","2"
"1963","GM21743","2"
"1964","1810009A15RIK","2"
"1965","ROM1","2"
"1966","EML3","2"
"1967","MTA2","2"
"1968","EEF1G","2"
"1969","COPS5","2"
"1970","TSN","2"
"1971","EPB4.1L5","2"
"1972","ACTR3","2"
"1973","CCNT2","2"
"1974","R3HDM1","2"
"1975","PFKFB2","2"
"1976","NUCKS1","2"
"1977","SNRPE","2"
"1978","BTG2","2"
"1979","ADIPOR1","2"
"1980","IPO9","2"
"1981","KIF21B","2"
"1982","CRB1","2"
"1983","GLRX2","2"
"1984","UCHL5","2"
"1985","PDC","2"
"1986","BC003331","2"
"1987","TPR","2"
"1988","IVNS1ABP","2"
"1989","ARPC5","2"
"1990","DHX9","2"
"1991","GLUL","2"
"1992","LHX4","2"
"1993","TOR1AIP1","2"
"1994","MRPS14","2"
"1995","CACYBP","2"
"1996","RABGAP1L","2"
"1997","SUCO","2"
"1998","DNM3","2"
"1999","TIPRL","2"
"2000","UBE2W","2"
"2001","MPC2","2"
"2002","TCEB1","2"
"2003","PBX1","2"
"2004","SDHC","2"
"2005","PCP4L1","2"
"2006","UFC1","2"
"2007","PFDN2","2"
"2008","COPA","2"
"2009","PEA15A","2"
"2010","GM16586","2"
"2011","CDC42BPA","2"
"2012","WDR26","2"
"2013","SRP9","2"
"2014","MIA3","2"
"2015","EPRS","2"
"2016","TGFB2","2"
"2017","ANGEL2","2"
"2018","NENF","2"
"2019","RD3","2"
"2020","SMAP1","2"
"2021","LMBRD1","2"
"2022","FAM168B","2"
"2023","TBC1D8","2"
"2024","MAP4K4","2"
"2025","RP1","2"
"2026","RGS20","2"
"2027","ATP6V1H","2"
"2028","SF3B1","2"
"2029","HSPD1","2"
"2030","HSPE1","2"
"2031","MOB4","2"
"2032","FAM126B","2"
"2033","TMEM237","2"
"2034","MPP4","2"
"2035","SUMO1","2"
"2036","ABI2","2"
"2037","RB1CC1","2"
"2038","EEF1B2","2"
"2039","UNC80","2"
"2040","PCMTD1","2"
"2041","RPL37A","2"
"2042","ARPC2","2"
"2043","AAMP","2"
"2044","FAM134A","2"
"2045","ACSL3","2"
"2046","WDFY1","2"
"2047","MFF","2"
"2048","CAB39","2"
"2049","PSMD1","2"
"2050","PTMA","2"
"2051","SAG","2"
"2052","DGKD","2"
"2053","COPS8","2"
"2054","KIF1A","2"
"2055","PPP1R7","2"
"2056","HDLBP","2"
"2057","SEPT2","2"
"2058","STK25","2"
"2059","TRIM44","2"
"2060","SLC1A2","2"
"2061","CAPRIN1","2"
"2062","NOP10","2"
"2063","EMC4","2"
"2064","SCG5","2"
"2065","GJD2","2"
"2066","SRP14","2"
"2067","RTF1","2"
"2068","UBR1","2"
"2069","PDIA3","2"
"2070","MYEF2","2"
"2071","EID1","2"
"2072","COPS2","2"
"2073","TMEM127","2"
"2074","STARD7","2"
"2075","MRPS5","2"
"2076","AI847159","2"
"2077","STK35","2"
"2078","NOP56","2"
"2079","IDH3B","2"
"2080","PTPRA","2"
"2081","MRPS26","2"
"2082","CDS2","2"
"2083","JAG1","2"
"2084","ESF1","2"
"2085","XRN2","2"
"2086","NAPB","2"
"2087","CST3","2"
"2088","NSFL1C","2"
"2089","CSNK2A1","2"
"2090","PDRG1","2"
"2091","CHMP4B","2"
"2092","EIF2S2","2"
"2093","DYNLRB1","2"
"2094","MAP1LC3A","2"
"2095","CEP250","2"
"2096","ROMO1","2"
"2097","PHF20","2"
"2098","BLCAP","2"
"2099","CHD6","2"
"2100","SERINC3","2"
"2101","SDC4","2"
"2102","GM14290","2"
"2103","KCNB1","2"
"2104","VAPB","2"
"2105","ATP5E","2"
"2106","PSMA7","2"
"2107","SLCO4A1","2"
"2108","DNAJC5","2"
"2109","UCKL1","2"
"2110","GM16119","2"
"2111","PRPF6","2"
"2112","PCMTD2","2"
"2113","COMMD3","2"
"2114","ABI1","2"
"2115","ACBD5","2"
"2116","YME1L1","2"
"2117","MRPL41","2"
"2118","TUBB4B","2"
"2119","EDF1","2"
"2120","RABL6","2"
"2121","UBAC1","2"
"2122","SPTAN1","2"
"2123","SET","2"
"2124","PRRC2B","2"
"2125","SWI5","2"
"2126","GAPVD1","2"
"2127","RAB14","2"
"2128","NDUFA8","2"
"2129","RABGAP1","2"
"2130","PSMB7","2"
"2131","ARPC5L","2"
"2132","DAPL1","2"
"2133","PLA2R1","2"
"2134","PSMD14","2"
"2135","USP6NL","2"
"2136","CELF2","2"
"2137","SPC25","2"
"2138","BBS5","2"
"2139","PPIG","2"
"2140","CCDC173","2"
"2141","UBR3","2"
"2142","DYNC1I2","2"
"2143","OLA1","2"
"2144","ATF2","2"
"2145","ATP5G3","2"
"2146","OSBPL6","2"
"2147","ZFP385B","2"
"2148","UBE2E3","2"
"2149","CERKL","2"
"2150","NEUROD1","2"
"2151","DNAJC10","2"
"2152","ZC3H15","2"
"2153","FAM171B","2"
"2154","2700094K13RIK","2"
"2155","TMX2","2"
"2156","SSRP1","2"
"2157","MTCH2","2"
"2158","C1QTNF4","2"
"2159","CELF1","2"
"2160","PSMC3","2"
"2161","CKAP5","2"
"2162","TAF3","2"
"2163","MAN1A2","2"
"2164","GM9833","2"
"2165","FABP12","2"
"2166","IMPA1","2"
"2167","BCAS2","2"
"2168","TRIM33","2"
"2169","RSBN1","2"
"2170","SLC16A1","2"
"2171","ATP5F1","2"
"2172","LRIF1","2"
"2173","GNAT2","2"
"2174","PSMA5","2"
"2175","SARS","2"
"2176","GPSM2","2"
"2177","AMY1","2"
"2178","RNPC3","2"
"2179","EXTL2","2"
"2180","PTBP2","2"
"2181","ABCA4","2"
"2182","1810037I17RIK","2"
"2183","ANK2","2"
"2184","OSTC","2"
"2185","AIMP1","2"
"2186","CXXC4","2"
"2187","DNAJB14","2"
"2188","ADH5","2"
"2189","SEP15","2"
"2190","CAR2","2"
"2191","FUBP1","2"
"2192","NEGR1","2"
"2193","ZRANB2","2"
"2194","SRSF11","2"
"2195","MTFR1","2"
"2196","RPL22L1","2"
"2197","SAMD7","2"
"2198","SEC62","2"
"2199","PEX5L","2"
"2200","TTC14","2"
"2201","FXR1","2"
"2202","BBS7","2"
"2203","4932438A13RIK","2"
"2204","MGARP","2"
"2205","NDUFC1","2"
"2206","NAA15","2"
"2207","NBEA","2"
"2208","SELT","2"
"2209","ARHGEF26","2"
"2210","DHX36","2"
"2211","GMPS","2"
"2212","CCNL1","2"
"2213","RSRC1","2"
"2214","SMC4","2"
"2215","KPNA4","2"
"2216","PPID","2"
"2217","MAP9","2"
"2218","HDGF","2"
"2219","RRNAD1","2"
"2220","LAMTOR2","2"
"2221","KRTCAP2","2"
"2222","UBE2Q1","2"
"2223","UBAP2L","2"
"2224","PSMB4","2"
"2225","ENSA","2"
"2226","ANP32E","2"
"2227","OTUD7B","2"
"2228","PIAS3","2"
"2229","JAK1","2"
"2230","TTC4","2"
"2231","SSBP3","2"
"2232","TMEM59","2"
"2233","SLC1A7","2"
"2234","ZYG11B","2"
"2235","ZCCHC11","2"
"2236","ZFYVE9","2"
"2237","RNF11","2"
"2238","PLEKHF2","2"
"2239","NASP","2"
"2240","AKR1A1","2"
"2241","RNF220","2"
"2242","CCDC24","2"
"2243","ATP6V0B","2"
"2244","SLC2A1","2"
"2245","PPT1","2"
"2246","MACF1","2"
"2247","NDUFS5","2"
"2248","1110065P20RIK","2"
"2249","PSMB2","2"
"2250","ZMYM4","2"
"2251","SFPQ","2"
"2252","EIF3I","2"
"2253","TMEM234","2"
"2254","KHDRBS1","2"
"2255","EPB4.1","2"
"2256","SNHG3","2"
"2257","DNAJC8","2"
"2258","STX12","2"
"2259","NUDC","2"
"2260","ARID1A","2"
"2261","HMGN2","2"
"2262","TMEM57","2"
"2263","SRRM1","2"
"2264","HNRNPR","2"
"2265","KDM1A","2"
"2266","ALPL","2"
"2267","EIF4G3","2"
"2268","HP1BP3","2"
"2269","MINOS1","2"
"2270","CAPZB","2"
"2271","SDHB","2"
"2272","CROCC","2"
"2273","SPEN","2"
"2274","AGTRAP","2"
"2275","CASZ1","2"
"2276","RERE","2"
"2277","CAMTA1","2"
"2278","ICMT","2"
"2279","PLCH2","2"
"2280","GNB1","2"
"2281","SSU72","2"
"2282","SDF4","2"
"2283","SAMD11","2"
"2284","SFRS18","2"
"2285","NDUFAF4","2"
"2286","TGS1","2"
"2287","NDUFB6","2"
"2288","BAG1","2"
"2289","CHMP5","2"
"2290","NFX1","2"
"2291","UBE2R2","2"
"2292","DCTN3","2"
"2293","VCP","2"
"2294","UNC13B","2"
"2295","CLTA","2"
"2296","TDRD7","2"
"2297","ANP32B","2"
"2298","SEC61B","2"
"2299","RNF20","2"
"2300","FSD1L","2"
"2301","ZFP462","2"
"2302","RAD23B","2"
"2303","AI314180","2"
"2304","SLC31A2","2"
"2305","WDR31","2"
"2306","ATP6V1G1","2"
"2307","KDM4C","2"
"2308","MPDZ","2"
"2309","CAR8","2"
"2310","PSIP1","2"
"2311","SH3GL2","2"
"2312","RAB2A","2"
"2313","CHD7","2"
"2314","KLHL9","2"
"2315","JUN","2"
"2316","TM2D1","2"
"2317","HNRNPDL","2"
"2318","COPS4","2"
"2319","AFF1","2"
"2320","ZFP326","2"
"2321","GLMN","2"
"2322","EVI5","2"
"2323","MTF2","2"
"2324","PDE6B","2"
"2325","1500011B03RIK","2"
"2326","MSI1","2"
"2327","CCDC64","2"
"2328","PRKAB1","2"
"2329","SRRM4","2"
"2330","PEBP1","2"
"2331","PTPN11","2"
"2332","TRAFD1","2"
"2333","ERP29","2"
"2334","VPS29","2"
"2335","ATP2A2","2"
"2336","CLIP1","2"
"2337","DENR","2"
"2338","ARL6IP4","2"
"2339","SBNO1","2"
"2340","ZFP664","2"
"2341","SCARB1","2"
"2342","UBC","2"
"2343","RAN","2"
"2344","SFSWAP","2"
"2345","CCT6A","2"
"2346","CHCHD2","2"
"2347","RABGEF1","2"
"2348","GTF2I","2"
"2349","EIF4H","2"
"2350","BAZ1B","2"
"2351","PRKRIP1","2"
"2352","CUX1","2"
"2353","FIS1","2"
"2354","ZNHIT1","2"
"2355","SRRT","2"
"2356","COPS6","2"
"2357","LAMTOR4","2"
"2358","ARPC1A","2"
"2359","PDAP1","2"
"2360","BUD31","2"
"2361","PCLO","2"
"2362","POMP","2"
"2363","UBL3","2"
"2364","HMGB1","2"
"2365","HSPH1","2"
"2366","PDS5B","2"
"2367","DNAJC2","2"
"2368","PSMC2","2"
"2369","ORC5","2"
"2370","SRPK2","2"
"2371","RHEB","2"
"2372","DNAJB6","2"
"2373","OST4","2"
"2374","MRPL33","2"
"2375","PPP1CB","2"
"2376","CTBP1","2"
"2377","WHSC1","2"
"2378","MXD4","2"
"2379","FAM193A","2"
"2380","LRPAP1","2"
"2381","D5ERTD579E","2"
"2382","MRFAP1","2"
"2383","LYAR","2"
"2384","AKAP9","2"
"2385","BOD1L","2"
"2386","CC2D2A","2"
"2387","PROM1","2"
"2388","MED28","2"
"2389","ANAPC4","2"
"2390","RFC1","2"
"2391","LIAS","2"
"2392","UBE2K","2"
"2393","LIMCH1","2"
"2394","SLC30A9","2"
"2395","GUF1","2"
"2396","CNGA1","2"
"2397","FRYL","2"
"2398","OCIAD1","2"
"2399","FIP1L1","2"
"2400","CLOCK","2"
"2401","PAICS","2"
"2402","SRP72","2"
"2403","POLR2B","2"
"2404","CENPC1","2"
"2405","RUFY3","2"
"2406","GRSF1","2"
"2407","ANKRD17","2"
"2408","G3BP2","2"
"2409","USO1","2"
"2410","PPEF2","2"
"2411","CCNI","2"
"2412","CNOT6L","2"
"2413","HNRNPD","2"
"2414","TRNT1","2"
"2415","SETD5","2"
"2416","LHFPL4","2"
"2417","RHO","2"
"2418","FAM21","2"
"2419","HNRNPF","2"
"2420","BMS1","2"
"2421","PHF14","2"
"2422","CACNA2D4","2"
"2423","NECAP1","2"
"2424","ENO2","2"
"2425","GNB3","2"
"2426","CHD4","2"
"2427","ANO2","2"
"2428","NDUFA9","2"
"2429","FKBP4","2"
"2430","GABARAPL1","2"
"2431","TMEM106B","2"
"2432","YBX3","2"
"2433","2700089E24RIK","2"
"2434","WBP11","2"
"2435","PDE6H","2"
"2436","ETNK1","2"
"2437","FGFR1OP2","2"
"2438","ERGIC2","2"
"2439","NDUFA5","2"
"2440","WASL","2"
"2441","ARF5","2"
"2442","RBM28","2"
"2443","IMPDH1","2"
"2444","ATP6V1F","2"
"2445","TNPO3","2"
"2446","MKLN1","2"
"2447","PODXL","2"
"2448","CNOT4","2"
"2449","MTPN","2"
"2450","1110001J03RIK","2"
"2451","LUC7L2","2"
"2452","JHDM1D","2"
"2453","MKRN1","2"
"2454","NDUFB2","2"
"2455","GNGT1","2"
"2456","SSBP1","2"
"2457","CUL1","2"
"2458","EZH2","2"
"2459","ATP6V0E2","2"
"2460","PPP1R9A","2"
"2461","CCDC126","2"
"2462","CBX3","2"
"2463","VOPP1","2"
"2464","SHFM1","2"
"2465","GADD45A","2"
"2466","SERBP1","2"
"2467","RNF181","2"
"2468","TGOLN1","2"
"2469","TET3","2"
"2470","ZFML","2"
"2471","A430035B10RIK","2"
"2472","CCT7","2"
"2473","TIA1","2"
"2474","AAK1","2"
"2475","NFU1","2"
"2476","IQSEC1","2"
"2477","SLC6A6","2"
"2478","CCDC174","2"
"2479","NR2C2","2"
"2480","TMF1","2"
"2481","FRMD4B","2"
"2482","PLEKHB1","2"
"2483","FAM168A","2"
"2484","MRPL17","2"
"2485","TUB","2"
"2486","FAR1","2"
"2487","PSMA1","2"
"2488","1110004F10RIK","2"
"2489","ARL6IP1","2"
"2490","COQ7","2"
"2491","GDE1","2"
"2492","UQCRC2","2"
"2493","CDR2","2"
"2494","NDUFAB1","2"
"2495","ATXN2L","2"
"2496","EIF3C","2"
"2497","FAM57B","2"
"2498","PRR14","2"
"2499","FUS","2"
"2500","TIAL1","2"
"2501","TRIM28","2"
"2502","ATE1","2"
"2503","PLEKHA1","2"
"2504","HTRA1","2"
"2505","METTL10","2"
"2506","BCCIP","2"
"2507","CABP5","2"
"2508","PPP2R2D","2"
"2509","PSMD13","2"
"2510","DRD4","2"
"2511","CTSD","2"
"2512","CD81","2"
"2513","CDKN1C","2"
"2514","NAP1L4","2"
"2515","CRX","2"
"2516","SEPW1","2"
"2517","NAPA","2"
"2518","PPM1N","2"
"2519","KLC3","2"
"2520","APOE","2"
"2521","ZFP428","2"
"2522","RABAC1","2"
"2523","ATP1A3","2"
"2524","HNRNPUL1","2"
"2525","PSMC4","2"
"2526","EID2B","2"
"2527","SUPT5","2"
"2528","PAF1","2"
"2529","ACTN4","2"
"2530","EIF3K","2"
"2531","POLR2I","2"
"2532","HSPB6","2"
"2533","COX6B1","2"
"2534","TMEM147","2"
"2535","UBA2","2"
"2536","GPI1","2"
"2537","RGS9BP","2"
"2538","NDUFA3","2"
"2539","CNOT3","2"
"2540","TSEN34","2"
"2541","URI1","2"
"2542","TTYH1","2"
"2543","LENG8","2"
"2544","PPP1R12C","2"
"2545","PTOV1","2"
"2546","PRMT1","2"
"2547","SLC17A7","2"
"2548","RPL18","2"
"2549","KCNJ14","2"
"2550","HERC2","2"
"2551","UBE3A","2"
"2552","ZFP444","2"
"2553","TRPM1","2"
"2554","PEG3","2"
"2555","MEF2A","2"
"2556","CLCN4-2","2"
"2557","SV2B","2"
"2558","MFGE8","2"
"2559","RLBP1","2"
"2560","MAN2A2","2"
"2561","AP3B2","2"
"2562","BTBD1","2"
"2563","HDGFRP3","2"
"2564","GM7964","2"
"2565","PICALM","2"
"2566","NDUFC2","2"
"2567","RSF1","2"
"2568","PRKRIR","2"
"2569","GDPD5","2"
"2570","DYNC1LI2","2"
"2571","ATP6V0D1","2"
"2572","SNTB2","2"
"2573","VPS4A","2"
"2574","RPS26-PS1","2"
"2575","PSMD7","2"
"2576","IST1","2"
"2577","AARS","2"
"2578","GLG1","2"
"2579","ZNRF1","2"
"2580","CFDP1","2"
"2581","GABARAPL2","2"
"2582","TERF2IP","2"
"2583","HSBP1","2"
"2584","1190005I06RIK","2"
"2585","COX4I1","2"
"2586","MAP1LC3B","2"
"2587","TRAPPC2L","2"
"2588","ANKRD11","2"
"2589","RPL13","2"
"2590","TCF25","2"
"2591","AFG3L1","2"
"2592","TSNAX","2"
"2593","RBM34","2"
"2594","GRTP1","2"
"2595","GRK1","2"
"2596","CDC16","2"
"2597","POLB","2"
"2598","AP3M2","2"
"2599","TM2D2","2"
"2600","FNTA","2"
"2601","DUSP26","2"
"2602","DCTN6","2"
"2603","LEPROTL1","2"
"2604","TMEM66","2"
"2605","PCP2","2"
"2606","MICU3","2"
"2607","ZDHHC2","2"
"2608","PCM1","2"
"2609","FRG1","2"
"2610","ANKRD37","2"
"2611","SLC25A4","2"
"2612","STOX2","2"
"2613","WDR17","2"
"2614","GALNT7","2"
"2615","MARCH1","2"
"2616","ATP6V1B2","2"
"2617","NDUFA13","2"
"2618","MAU2","2"
"2619","COPE","2"
"2620","2810428I15RIK","2"
"2621","FKBP8","2"
"2622","CCDC124","2"
"2623","ABHD8","2"
"2624","MRPL34","2"
"2625","DDA1","2"
"2626","NXNL1","2"
"2627","FAM32A","2"
"2628","ARHGAP10","2"
"2629","LSM6","2"
"2630","TECR","2"
"2631","D8ERTD738E","2"
"2632","IER2","2"
"2633","GADD45GIP1","2"
"2634","RAD23A","2"
"2635","RTBDN","2"
"2636","2310036O22RIK","2"
"2637","VPS35","2"
"2638","DNAJA2","2"
"2639","ARGLU1","2"
"2640","BRD7","2"
"2641","CYLD","2"
"2642","ARL2BP","2"
"2643","CNGB1","2"
"2644","GOT2","2"
"2645","STAG1","2"
"2646","PCBP4","2"
"2647","SLC38A3","2"
"2648","GNAT1","2"
"2649","RBM5","2"
"2650","NICN1","2"
"2651","RHOA","2"
"2652","GPX1","2"
"2653","WDR6","2"
"2654","TMA7","2"
"2655","SMARCC1","2"
"2656","KLHL18","2"
"2657","EPM2AIP1","2"
"2658","CLASP2","2"
"2659","STT3B","2"
"2660","WDR48","2"
"2661","RPSA","2"
"2662","EIF1B","2"
"2663","CTNNB1","2"
"2664","SNRK","2"
"2665","FYCO1","2"
"2666","TAF1D","2"
"2667","PIN1","2"
"2668","CDC37","2"
"2669","ILF3","2"
"2670","PRKCSH","2"
"2671","NTM","2"
"2672","APLP2","2"
"2673","CWF19L2","2"
"2674","HSPA8","2"
"2675","ARHGEF12","2"
"2676","TMEM136","2"
"2677","MSANTD4","2"
"2678","USP2","2"
"2679","C2CD2L","2"
"2680","TRAPPC4","2"
"2681","ARCN1","2"
"2682","CEP164","2"
"2683","RNF214","2"
"2684","PAFAH1B2","2"
"2685","REXO2","2"
"2686","RBM7","2"
"2687","NCAM1","2"
"2688","TIMM8B","2"
"2689","DLAT","2"
"2690","RDX","2"
"2691","IDH3A","2"
"2692","PSMA4","2"
"2693","SCAPER","2"
"2694","TSPAN3","2"
"2695","COX5A","2"
"2696","NPTN","2"
"2697","MYO9A","2"
"2698","NR2E3","2"
"2699","RAB11A","2"
"2700","SLC24A1","2"
"2701","PTPLAD1","2"
"2702","GM514","2"
"2703","TRIP4","2"
"2704","PPIB","2"
"2705","HERC1","2"
"2706","TLN2","2"
"2707","DYNC2H1","2"
"2708","BNIP2","2"
"2709","FAM63B","2"
"2710","POLR2M","2"
"2711","DCUN1D5","2"
"2712","NEDD4","2"
"2713","EEF1A1","2"
"2714","COX7A2","2"
"2715","TMEM30A","2"
"2716","SENP6","2"
"2717","IMPG1","2"
"2718","PHIP","2"
"2719","LCA5","2"
"2720","ELOVL4","2"
"2721","SNAP91","2"
"2722","NT5E","2"
"2723","RNF7","2"
"2724","RASA2","2"
"2725","ZBTB38","2"
"2726","COPB2","2"
"2727","MT-ND4","2"
"2728","MT-RNR2","2"
"2729","MT-ND5","2"
"2730","MT-ND6","2"
"2731","MT-ND1","2"
"2732","MT-ND2","2"
"2733","MT-CO1","2"
"2734","MT-RNR1","2"
"2735","NONO","2"
"2736","OGT","2"
"2737","TSIX","2"
"2738","XIST","2"
"2739","TSPAN7","2"
"2740","ATRX","2"
"2741","COX7B","2"
"2742","HMGN5","2"
"2743","ATP6AP2","2"
"2744","DDX3X","2"
"2745","TMEM35","2"
"2746","HNRNPH2","2"
"2747","ARXES2","2"
"2748","WBP5","2"
"2749","HUWE1","2"
"2750","SMC1A","2"
"2751","MAGEH1","2"
"2752","UBQLN2","2"
"2753","EIF1AX","2"
"2754","RS1","2"
"2755","RBBP7","2"
"2756","ZRSR2","2"
"2757","GPM6B","2"
"2758","UBA1","2"
"2759","ARAF","2"
"2760","NDUFA1","2"
"2761","HPRT","2"
"2762","FMR1","2"
"2763","VMA21","2"
"2764","BCAP31","2"
"2765","IDH3G","2"
"2766","MECP2","2"
"2767","FAM50A","2"
"2768","FUNDC2","2"
"2769","CACNA1F","2"
"2770","TBL1X","2"
"2771","PQBP1","2"
"2772","DMD","2"
"2773","DYNLT3","2"
